ticker,first,last,bars,missing,partial,extreme_moves,zero_volume,bad_ohlc,status
A,2024-10-01,2026-09-29,993,0,1,0,0,0,ok
AAPL,2024-10-01,2026-09-29,993,0,0,0,0,0,ok
ABBV,2024-10-01,2026-09-29,993,0,1,0,0,0,ok
ABT,2024-10-01,2026-09-29,993,0,1,0,0,0,ok
ACN,2024-10-01,2026-09-29,993,0,1,0,0,0,ok
ADBE,2024-10-01,2026-09-29,993,0,0,0,0,0,ok
ADI,2024-10-01,2026-09-29,993,0,0,0,0,0,ok
ADM,2024-10-01,2026-09-29,993,0,1,0,0,0,ok
ADSK,2024-10-01,2026-09-29,993,0,0,0,0,0,ok
ALB,2024-10-01,2026-09-29,993,0,1,0,0,0,ok
ALGN,2024-10-01,2026-09-29,993,0,0,1,0,0,keskin sakrash
ALLE,2024-10-01,2026-09-29,993,0,1,0,0,0,ok
AMAT,2024-10-01,2026-09-29,993,0,0,0,0,0,ok
AMD,2024-10-01,2026-09-29,993,0,0,1,0,0,keskin sakrash
ANET,2024-10-01,2026-09-29,993,0,1,0,0,0,ok
AOS,2024-10-01,2026-09-29,993,0,1,0,0,0,ok
APD,2024-10-01,2026-09-29,993,0,1,0,0,0,ok
AVGO,2024-10-01,2026-09-29,993,0,0,0,0,0,ok
AVY,2024-10-01,2026-09-29,993,0,1,0,0,0,ok
AZO,2024-10-01,2026-09-29,993,0,4,0,0,0,ok
BBY,2024-10-01,2026-09-29,993,0,1,0,0,0,ok
BDX,2024-10-01,2026-09-29,993,0,1,0,0,0,ok
BE,2024-10-01,2026-09-29,992,1,1,3,0,0,keskin sakrash
BIIB,2024-10-01,2026-09-29,993,0,0,0,0,0,ok
BKNG,2024-10-01,2026-09-29,993,0,2,0,0,0,ok
BSX,2024-10-01,2026-09-29,993,0,1,0,0,0,ok
CAH,2024-10-01,2026-09-29,993,0,1,0,0,0,ok
CARR,2024-10-01,2026-09-29,993,0,1,0,0,0,ok
CDNS,2024-10-01,2026-09-29,993,0,0,0,0,0,ok
CDW,2024-10-01,2026-09-29,993,0,0,0,0,0,ok
CEG,2024-10-01,2026-09-29,993,0,0,1,0,0,keskin sakrash
CF,2024-10-01,2026-09-29,993,0,1,0,0,0,ok
CHD,2024-10-01,2026-09-29,993,0,1,0,0,0,ok
CHRW,2024-10-01,2026-09-29,993,0,0,0,0,0,ok
CIEN,2024-10-01,2026-09-29,993,0,1,0,0,0,ok
CL,2024-10-01,2026-09-29,993,0,1,0,0,0,ok
CMI,2024-10-01,2026-09-29,993,0,1,0,0,0,ok
COHR,2024-10-01,2026-09-29,993,0,1,0,0,0,ok
COO,2024-10-01,2026-09-29,993,0,0,0,0,0,ok
COP,2024-10-01,2026-09-29,993,0,1,0,0,0,ok
COR,2024-10-01,2026-09-29,993,0,1,0,0,0,ok
CPRT,2024-10-01,2026-09-29,993,0,0,0,0,0,ok
CRH,2024-10-01,2026-09-29,993,0,1,0,0,0,ok
CRL,2024-10-01,2026-09-29,993,0,1,0,0,0,ok
CRM,2024-10-01,2026-09-29,993,0,1,0,0,0,ok
CRWD,2024-10-01,2026-09-29,993,0,0,0,0,0,ok
CSCO,2024-10-01,2026-09-29,993,0,0,0,0,0,ok
CSGP,2024-10-01,2026-09-29,993,0,0,0,0,0,ok
CSX,2024-10-01,2026-09-29,993,0,0,0,0,0,ok
CTAS,2024-10-01,2026-09-29,993,0,0,0,0,0,ok
CTSH,2024-10-01,2026-09-29,993,0,0,0,0,0,ok
CTVA,2024-10-01,2026-09-29,993,0,1,0,0,0,ok
DASH,2024-10-01,2026-09-29,993,0,0,0,0,0,ok
DD,2024-10-01,2026-09-29,993,0,1,0,0,0,ok
DECK,2024-10-01,2026-09-29,993,0,1,0,0,0,ok
DHI,2024-10-01,2026-09-29,993,0,1,0,0,0,ok
DHR,2024-10-01,2026-09-29,993,0,1,0,0,0,ok
DOV,2024-10-01,2026-09-29,993,0,1,0,0,0,ok
DXCM,2024-10-01,2026-09-29,993,0,0,0,0,0,ok
EBAY,2024-10-01,2026-09-29,993,0,0,0,0,0,ok
ECL,2024-10-01,2026-09-29,993,0,1,0,0,0,ok
EFX,2024-10-01,2026-09-29,993,0,1,0,0,0,ok
EL,2024-10-01,2026-09-29,993,0,1,0,0,0,ok
EMR,2024-10-01,2026-09-29,993,0,1,0,0,0,ok
EOG,2024-10-01,2026-09-29,993,0,1,0,0,0,ok
EQIX,2024-10-01,2026-09-29,993,0,0,0,0,0,ok
EW,2024-10-01,2026-09-29,993,0,1,0,0,0,ok
EXPD,2024-10-01,2026-09-29,993,0,1,0,0,0,ok
EXPE,2024-10-01,2026-09-29,993,0,0,0,0,0,ok
FANG,2024-10-01,2026-09-29,993,0,0,0,0,0,ok
FAST,2024-10-01,2026-09-29,993,0,0,0,0,0,ok
FCX,2024-10-01,2026-09-29,993,0,1,0,0,0,ok
FDXF,2026-06-01,2026-09-29,168,0,0,0,0,0,qisqa tarix
FERG,2024-10-01,2026-09-29,993,0,1,0,0,0,ok
FFIV,2024-10-01,2026-09-29,993,0,0,0,0,0,ok
FICO,2024-10-01,2026-09-29,993,0,2,1,0,0,keskin sakrash
FIX,2024-10-01,2026-09-29,993,0,1,0,0,0,ok
FLEX,2024-10-01,2026-09-29,993,0,0,1,0,0,keskin sakrash
FSLR,2024-10-01,2026-09-29,993,0,0,0,0,0,ok
FTNT,2024-10-01,2026-09-29,993,0,0,1,0,0,keskin sakrash
GDDY,2024-10-01,2026-09-29,993,0,1,0,0,0,ok
GEHC,2024-10-01,2026-09-29,993,0,0,0,0,0,ok
GEV,2024-10-01,2026-09-29,993,0,1,0,0,0,ok
GILD,2024-10-01,2026-09-29,993,0,0,0,0,0,ok
GLW,2024-10-01,2026-09-29,993,0,1,0,0,0,ok
GNRC,2024-10-01,2026-09-29,993,0,1,0,0,0,ok
GOOGL,2024-10-01,2026-09-29,993,0,0,0,0,0,ok
GPC,2024-10-01,2026-09-29,993,0,1,0,0,0,ok
GRMN,2024-10-01,2026-09-29,993,0,1,0,0,0,ok
GWW,2024-10-01,2026-09-29,993,0,1,0,0,0,ok
HAL,2024-10-01,2026-09-29,993,0,1,0,0,0,ok
HD,2024-10-01,2026-09-29,993,0,1,0,0,0,ok
HSY,2024-10-01,2026-09-29,993,0,1,0,0,0,ok
HUBB,2024-10-01,2026-09-29,993,0,1,0,0,0,ok
IBM,2024-10-01,2026-09-29,993,0,1,0,0,0,ok
IDXX,2024-10-01,2026-09-29,993,0,0,1,0,0,keskin sakrash
IEX,2024-10-01,2026-09-29,993,0,1,0,0,0,ok
ILMN,2024-10-01,2026-09-29,993,0,0,0,0,0,ok
INCY,2024-10-01,2026-09-29,993,0,0,0,0,0,ok
IR,2024-10-01,2026-09-29,993,0,1,0,0,0,ok
ISRG,2024-10-01,2026-09-29,993,0,0,0,0,0,ok
IT,2024-10-01,2026-09-29,993,0,1,1,0,0,keskin sakrash
ITW,2024-10-01,2026-09-29,993,0,1,0,0,0,ok
JBHT,2024-10-01,2026-09-29,993,0,0,0,0,0,ok
JBL,2024-10-01,2026-09-29,993,0,1,0,0,0,ok
JCI,2024-10-01,2026-09-29,993,0,1,0,0,0,ok
JNJ,2024-10-01,2026-09-29,993,0,1,0,0,0,ok
KLAC,2024-10-01,2026-09-29,993,0,0,0,0,0,ok
KMB,2024-10-01,2026-09-29,993,0,0,0,0,0,ok
KVUE,2024-10-01,2026-09-29,993,0,1,0,0,0,ok
LH,2024-10-01,2026-09-29,993,0,1,0,0,0,ok
LII,2024-10-01,2026-09-29,993,0,1,0,0,0,ok
LIN,2024-10-01,2026-09-29,993,0,0,0,0,0,ok
LITE,2024-10-01,2026-09-29,993,0,0,2,0,0,keskin sakrash
LLY,2024-10-01,2026-09-29,993,0,1,0,0,0,ok
LOW,2024-10-01,2026-09-29,993,0,1,0,0,0,ok
LRCX,2024-10-01,2026-09-29,993,0,0,0,0,0,ok
LULU,2024-10-01,2026-09-29,993,0,0,0,0,0,ok
MAS,2024-10-01,2026-09-29,993,0,1,0,0,0,ok
MCHP,2024-10-01,2026-09-29,993,0,0,0,0,0,ok
MCK,2024-10-01,2026-09-29,993,0,1,0,0,0,ok
MDLZ,2024-10-01,2026-09-29,993,0,0,0,0,0,ok
MDT,2024-10-01,2026-09-29,993,0,1,0,0,0,ok
MKC,2024-10-01,2026-09-29,993,0,1,0,0,0,ok
MLM,2024-10-01,2026-09-29,993,0,1,0,0,0,ok
MMM,2024-10-01,2026-09-29,993,0,1,0,0,0,ok
MNST,2024-10-01,2026-09-29,993,0,0,0,0,0,ok
MPWR,2024-10-01,2026-09-29,993,0,0,0,0,0,ok
MRK,2024-10-01,2026-09-29,993,0,1,0,0,0,ok
MRVL,2024-10-01,2026-09-29,993,0,0,1,0,0,keskin sakrash
MSFT,2024-10-01,2026-09-29,993,0,0,0,0,0,ok
MTD,2024-10-01,2026-09-29,993,0,4,0,0,0,ok
MU,2024-10-01,2026-09-29,993,0,0,0,0,0,ok
NDSN,2024-10-01,2026-09-29,993,0,1,0,0,0,ok
NEM,2024-10-01,2026-09-29,993,0,1,0,0,0,ok
NKE,2024-10-01,2026-09-29,993,0,1,0,0,0,ok
NOW,2024-10-01,2026-09-29,993,0,1,0,0,0,ok
NSC,2024-10-01,2026-09-29,993,0,1,0,0,0,ok
NTAP,2024-10-01,2026-09-29,993,0,0,1,0,0,keskin sakrash
NUE,2024-10-01,2026-09-29,993,0,1,0,0,0,ok
NVDA,2024-10-01,2026-09-29,993,0,0,0,0,0,ok
NXPI,2024-10-01,2026-09-29,993,0,0,1,0,0,keskin sakrash
ODFL,2024-10-01,2026-09-29,993,0,0,0,0,0,ok
ON,2024-10-01,2026-09-29,993,0,0,0,0,0,ok
ORCL,2024-10-01,2026-09-29,993,0,1,1,0,0,keskin sakrash
ORLY,2024-10-01,2026-09-29,993,0,0,0,0,0,ok
OTIS,2024-10-01,2026-09-29,993,0,1,0,0,0,ok
OXY,2024-10-01,2026-09-29,993,0,1,0,0,0,ok
P,2026-04-17,2026-09-29,228,0,0,0,0,0,qisqa tarix
PANW,2024-10-01,2026-09-29,993,0,0,0,0,0,ok
PEP,2024-10-01,2026-09-29,993,0,0,0,0,0,ok
PG,2024-10-01,2026-09-29,993,0,1,0,0,0,ok
PHM,2024-10-01,2026-09-29,993,0,1,0,0,0,ok
PKG,2024-10-01,2026-09-29,993,0,1,0,0,0,ok
PNR,2024-10-01,2026-09-29,993,0,1,0,0,0,ok
PODD,2024-10-01,2026-09-29,993,0,0,0,0,0,ok
PPG,2024-10-01,2026-09-29,993,0,1,0,0,0,ok
PTC,2024-10-01,2026-09-29,993,0,0,0,0,0,ok
PWR,2024-10-01,2026-09-29,993,0,1,0,0,0,ok
Q,2025-11-03,2026-09-29,450,0,1,0,0,0,ok
QCOM,2024-10-01,2026-09-29,993,0,0,0,0,0,ok
QQQ,2024-10-01,2026-09-29,993,0,0,0,0,0,ok
RDDT,2024-10-01,2026-09-29,993,0,1,1,0,0,keskin sakrash
REGN,2024-10-01,2026-09-29,993,0,0,0,0,0,ok
RL,2024-10-01,2026-09-29,993,0,1,0,0,0,ok
RMD,2024-10-01,2026-09-29,993,0,1,0,0,0,ok
ROK,2024-10-01,2026-09-29,993,0,1,0,0,0,ok
ROL,2024-10-01,2026-09-29,993,0,1,0,0,0,ok
ROP,2024-10-01,2026-09-29,993,0,0,0,0,0,ok
ROST,2024-10-01,2026-09-29,993,0,0,0,0,0,ok
RSG,2024-10-01,2026-09-29,993,0,1,0,0,0,ok
RVTY,2024-10-01,2026-09-29,993,0,1,0,0,0,ok
SHW,2024-10-01,2026-09-29,993,0,1,0,0,0,ok
SLB,2024-10-01,2026-09-29,993,0,1,0,0,0,ok
SNDK,2025-02-24,2026-09-29,799,0,0,1,0,0,keskin sakrash
SNPS,2024-10-01,2026-09-29,993,0,0,1,0,0,keskin sakrash
SPY,2024-10-01,2026-09-29,993,0,1,0,0,0,ok
STE,2024-10-01,2026-09-29,993,0,1,0,0,0,ok
STLD,2024-10-01,2026-09-29,993,0,0,0,0,0,ok
STX,2024-10-01,2026-09-29,993,0,0,0,0,0,ok
SWKS,2024-10-01,2026-09-29,993,0,0,0,0,0,ok
SYK,2024-10-01,2026-09-29,993,0,1,0,0,0,ok
TECH,2024-10-01,2026-09-29,993,0,0,0,0,0,ok
TEL,2024-10-01,2026-09-29,993,0,1,0,0,0,ok
TER,2024-10-01,2026-09-29,993,0,0,0,0,0,ok
TGT,2024-10-01,2026-09-29,993,0,1,0,0,0,ok
TJX,2024-10-01,2026-09-29,993,0,1,0,0,0,ok
TMO,2024-10-01,2026-09-29,993,0,1,0,0,0,ok
TPL,2024-10-01,2026-09-29,993,0,1,0,0,0,ok
TPR,2024-10-01,2026-09-29,993,0,1,0,0,0,ok
TRMB,2024-10-01,2026-09-29,993,0,0,0,0,0,ok
TSCO,2024-10-01,2026-09-29,993,0,0,0,0,0,ok
TSLA,2024-10-01,2026-09-29,993,0,0,0,0,0,ok
TT,2024-10-01,2026-09-29,993,0,1,0,0,0,ok
TXN,2024-10-01,2026-09-29,993,0,0,0,0,0,ok
TYL,2024-10-01,2026-09-29,993,0,1,0,0,0,ok
UBER,2024-10-01,2026-09-29,993,0,1,0,0,0,ok
ULTA,2024-10-01,2026-09-29,993,0,0,0,0,0,ok
UNP,2024-10-01,2026-09-29,993,0,1,0,0,0,ok
UPS,2024-10-01,2026-09-29,993,0,1,0,0,0,ok
URI,2024-10-01,2026-09-29,993,0,1,0,0,0,ok
VLTO,2024-10-01,2026-09-29,993,0,1,0,0,0,ok
VMC,2024-10-01,2026-09-29,993,0,1,0,0,0,ok
VRSN,2024-10-01,2026-09-29,993,0,0,0,0,0,ok
VRT,2024-10-01,2026-09-29,993,0,1,1,0,0,keskin sakrash
VRTX,2024-10-01,2026-09-29,993,0,0,0,0,0,ok
WAB,2024-10-01,2026-09-29,993,0,1,0,0,0,ok
WAT,2024-10-01,2026-09-29,993,0,1,0,0,0,ok
WDAY,2024-10-01,2026-09-29,993,0,0,0,0,0,ok
WELL,2024-10-01,2026-09-29,993,0,1,0,0,0,ok
WM,2024-10-01,2026-09-29,993,0,1,0,0,0,ok
WSM,2024-10-01,2026-09-29,993,0,1,1,0,0,keskin sakrash
WST,2024-10-01,2026-09-29,993,0,1,1,0,0,keskin sakrash
WY,2024-10-01,2026-09-29,993,0,1,0,0,0,ok
XOM,2024-10-01,2026-09-29,993,0,1,0,0,0,ok
XYL,2024-10-01,2026-09-29,993,0,1,0,0,0,ok
ZBRA,2024-10-01,2026-09-29,993,0,0,0,0,0,ok
